question,answer
"What are some must-see attractions in Chisinau?","Must-see attractions include the National Museum of History, Cathedral Park, and Stefan cel Mare Central Park."
"Can you tell me about top attractions in Chisinau?","Top attractions are Stefan cel Mare Boulevard, National History Museum, and the Nativity Cathedral."
"Where to taste local wine?","Cricova Winery tours or Purcari Wine Bar offer wine tasting experiences."
"What should I visit in Chisinau?","You should visit Stefan cel Mare Central Park, the Botanical Garden, and the National Opera and Ballet Theater."
"Is it safe to walk in Chisinau at night?","Chisinau is relatively safe, but stay alert in less crowded areas."
"Where can I learn about Moldovan history?","Visit the National Museum of History for detailed insights into Moldova’s past."
"Where to exchange money?","Exchange bureaus, banks, and ATMs are available in the city center."
"How can I travel from the airport to the city?","You can take bus route 30, a taxi, or arrange a private transfer. The ride is about 20-30 minutes."
"What local foods should I try in Chisinau?","Mamaliga, sarmale, placinte, and local cheeses are popular traditional foods."
"Are there any guided tours in Chisinau?","Yes, some agencies offer guided city tours; check local travel offices."
"What are some parks to visit in Chisinau?","Stefan cel Mare Central Park, Valea Morilor Park, and Dendrarium Park are some great green spaces to explore."
"Where can I rent a bicycle in Chisinau?","You can rent bicycles at local shops like Velocipede or through bike-sharing services in central areas."
"Are there any open-air markets in Chisinau?","Yes, the Central Market (Piața Centrală) and the Alerta market offer fresh produce, crafts, and local goods."
"What is the legal drinking age in Chisinau?","The legal drinking age in Moldova is 18."
"Can I use credit cards in Chisinau?","Yes, most restaurants, hotels, and stores accept credit cards, but cash is recommended in some smaller shops."
"Where can I find vegetarian food in Chisinau?","Many places like Vegan Junk Food Bar and De Bolhoed offer vegan and vegetarian dishes."
"What is the best time to visit Chisinau?","Spring (April-May) and fall (September-November) are ideal for pleasant weather and fewer crowds."
"Are there any family-friendly activities in Chisinau?","The NEMO Science Museum, Artis Zoo, and several parks like Valea Morilor are great for family outings."
"What are the best places to shop in Chisinau?","MallDova and Sun City are popular shopping malls, while the Central Market offers local goods."
"Is there a tourist information center in Chisinau?","Yes, the tourist information center near Stefan cel Mare Boulevard provides maps and helpful resources."
"Where can I find souvenirs in Chisinau?","Souvenir shops and craft stores near Stefan cel Mare Boulevard and the Central Market offer local products."
"What language is spoken in Chisinau?","Romanian is the official language, but Russian is widely spoken. English is common in tourist areas."
"How do I get to Cricova Winery?","Cricova Winery is about 15 km from Chisinau and can be reached by taxi or private car."
"Where can I try traditional Moldovan desserts?","Try local bakeries and restaurants like La Placinte for desserts like gogosi and placinte."
"Can I drink tap water in Chisinau?","Tap water is generally safe to drink, but many locals prefer bottled water."
"How do I get a local SIM card in Chisinau?","SIM cards can be purchased at mobile operator stores or kiosks in the city center."
"Are there any museums in Chisinau?","Yes, the National Museum of History and the National Art Museum are worth visiting for cultural insights."
"How do I get to the airport from Chisinau?","You can take bus route 30 or a taxi to get to Chisinau International Airport."
"What are some good places to eat in Chisinau?","Try La Placinte for traditional Moldovan dishes or Vatra Neamului for a hearty meal."
"Is Chisinau a good destination for history lovers?","Yes, with attractions like the National Museum of History and historical monuments such as the Triumphal Arch."
"How can I get around Chisinau?","Chisinau has buses, trolleybuses, and minibuses. You can also use taxis or rent a bicycle."
"Are there any festivals in Chisinau?","Yes, the Wine Festival, Martisor, and Independence Day celebrations are major events."
"Where can I find public transportation in Chisinau?","Public transportation is available throughout the city, with bus, trolleybus, and minibus stations across central areas."
"How do I use public transportation in Chisinau?","Public transport uses a pay-per-ride system. You can buy tickets on board or at certain kiosks."
"Where can I experience Moldovan culture?","You can visit the National Opera, National Art Museum, or attend local cultural festivals to experience Moldovan culture."
"Can I get a guided tour of Chisinau?","Yes, several tour agencies offer guided city tours in English."
"What is the best way to get to Chisinau from Moldova's other cities?","You can take a train, bus, or private transport from other cities in Moldova."
"Are there any local customs I should be aware of?","Moldovans value hospitality and politeness, so it's customary to greet people with a handshake."
"What is Chisinau known for?","Chisinau is known for its green spaces, parks, museums, and historical landmarks."
"Where can I visit for a cultural experience in Chisinau?","Visit cultural institutions like the National Museum of History, the Stefan Cel Mare Park, or the National Art Museum."
"Where can I rent a car in Chisinau?","Car rentals are available at the airport or through several agencies in the city center."
"Are there any good hiking spots near Chisinau?","The forests and hills near Orheiul Vechi and Dendrarium Park offer scenic hiking opportunities."
"Where can I find nightlife in Chisinau?","Popular nightlife spots include Stefan Cel Mare Boulevard and the Riscani district, which have bars and clubs."
"Can I visit the National Library in Chisinau?","Yes, the National Library of Moldova is open to visitors and offers access to various cultural resources."
"Is there a central bus station in Chisinau?","Yes, the main bus station is located near the city center and serves both domestic and international routes."
"How do I reach Orheiul Vechi from Chisinau?","You can take a bus or taxi to reach Orheiul Vechi, located about 50 km from Chisinau."
"What is the cost of living in Chisinau compared to Europe?","The cost of living in Chisinau is significantly lower than in Western European countries, making it an affordable destination."
"Are there any local parks to relax in?","Stefan cel Mare Park, Valea Morilor, and Dendrarium Park offer tranquil green spaces perfect for relaxation."
"How do I tip in restaurants?","Tipping is not mandatory, but it is common to leave a 5-10% tip for good service."
"Are there any beach resorts near Chisinau?","Moldova is a landlocked country, but there are lakes and recreational areas like the Nistru River for a water-based getaway."
"What is the public transport system like in Chisinau?","Chisinau has an extensive network of buses, trolleybuses, and minibuses. It's affordable and well-connected."
"Are there any large shopping malls in Chisinau?","Yes, MallDova, Sun City, and Atrium are popular shopping malls with international brands and local stores."
"Where can I practice sports in Chisinau?","You can find gyms, outdoor exercise areas, and sports clubs offering various activities across the city."
"Can I access Wi-Fi in public places?","Yes, free Wi-Fi is available in cafes, restaurants, and some public areas like the airport and shopping malls."
"Where can I find the best view of Chisinau?","The Stefan Cel Mare Park offers great panoramic views, as does the Triumphal Arch area."
"What are some cultural landmarks in Chisinau?","The National Museum of History, the Stefan Cel Mare Monument, and the Cathedral of Christ's Nativity are significant cultural landmarks."
"What are the best shopping districts in Chisinau?","Stefan Cel Mare Boulevard and the area around MallDova are the best places to shop for both international and local products."
"How can I visit Moldova's wine regions?","You can take guided tours to wineries like Cricova, Milestii Mici, and Purcari, which offer unique wine tasting experiences."
"What is the best way to explore Chisinau?","You can explore Chisinau by foot or bicycle for central areas, but taxis and public transport are best for distant spots."
"Are there good hotels in Chisinau?","Yes, there are many good hotels like the Radisson Blu and Hotel Nobil, which are known for their comfort and quality service."
"How do I use a taxi in Chisinau?","You can either hail a taxi on the street or use ride-hailing apps like Yandex Go or Bolt."
"Are there any good vegetarian restaurants in Chisinau?","Yes, places like the Vegan Junk Food Bar, Green Hills, and De Bolhoed offer great vegetarian and vegan options."
"How is the public transportation system in Chisinau?","Chisinau has an extensive public transportation system including buses, trolleybuses, and minibuses, all of which are affordable."
"What can I do on a rainy day in Chisinau?","You can visit museums like the National Art Museum or the Moldovan National Museum of Ethnography or go shopping at MallDova."
"Where can I enjoy traditional Moldovan music?","You can enjoy traditional Moldovan music at local restaurants like Vatra Neamului or attend performances at the National Opera."
"Where to find the best local coffee in Chisinau?","Check out cafes like Cafe de Italia or Expresso for high-quality, locally roasted coffee."
"Are there any botanical gardens in Chisinau?","Yes, Chisinau’s Botanical Garden is a beautiful place to visit for nature lovers, with a wide variety of plants and trees."
"What is the nightlife like in Chisinau?","Chisinau has a vibrant nightlife scene with bars, clubs, and cafes. Popular spots include the Soho Bar and the Zaxi Club."
"What are some unique souvenirs from Chisinau?","Handmade carpets, pottery, Moldovan wine, and embroidered shirts make for great souvenirs."
"Can I visit the Dniester River?","Yes, the Dniester River is about an hour's drive from Chisinau, offering opportunities for boating and nature walks."
"Where can I see traditional Moldovan dancing?","You can watch traditional Moldovan dance performances at cultural festivals or local venues like the National Opera and Ballet Theatre."
"Can I visit Orheiul Vechi on a day trip?","Yes, Orheiul Vechi, an ancient cave monastery, is a popular day trip destination located about 50 km from Chisinau."
"What are some good places for a romantic evening in Chisinau?","The Valea Morilor Park, Stefan Cel Mare Boulevard, and local wine bars are perfect for a romantic evening in Chisinau."
"What is the best way to get from Chisinau to Tiraspol?","You can take a bus or shared minibus (marshrutka) to Tiraspol, which takes about 2-3 hours."
"Where can I find good Moldovan wines?","Moldovan wines can be found in local stores, or you can visit famous wineries like Cricova, Purcari, and Milestii Mici for tastings."
"What is the best shopping mall in Chisinau?","MallDova and Sun City are the two largest and most popular shopping malls, offering international brands and local stores."
"How do I reach Chisinau from Bucharest?","You can take a direct bus, train, or flight from Bucharest to Chisinau. The bus takes about 5 hours, while flights are around 1 hour."
"What can I do for free in Chisinau?","You can visit parks like Stefan Cel Mare Park, walk around the city center, or enjoy a free cultural event."
"Is there a beach near Chisinau?","Chisinau is landlocked, but you can visit nearby lakes and rivers like the Nistru River or try resorts near the Dniester River."
"Can I find public restrooms in Chisinau?","Public restrooms are available in shopping malls, major parks, and public transportation stations."
"Where can I experience Moldovan folklore?","Check out local folklore performances during festivals like Martisor or at the National Opera House."
"Is it possible to go hiking near Chisinau?","Yes, there are plenty of hiking opportunities in nature parks and around Orheiul Vechi, as well as the forests surrounding the Dniester River."
"What type of cuisine is popular in Chisinau?","Moldovan cuisine is based on hearty dishes like Mamaliga, Sarmale (stuffed cabbage rolls), and various grilled meats."
"Where can I experience Chisinau’s art scene?","Visit the National Art Museum, or check out local galleries and exhibitions around the city."
"Are there any art galleries in Chisinau?","Yes, the National Art Museum is a great place to experience Moldovan art, as well as smaller galleries like the TipografiArt gallery."
"Can I buy locally made clothes in Chisinau?","Yes, you can find locally made clothes in markets and stores like Viorica and the local artisan shops around the city."
"Where can I find street food in Chisinau?","Street food can be found around Stefan Cel Mare Park and the Central Market, where you can try local pastries like placinte."
"Are there any botanical gardens in Chisinau?","Yes, the Chisinau Botanical Garden is a lovely spot with a wide variety of plants and themed gardens."
"Is there a cultural center in Chisinau?","Yes, the National Centre for Contemporary Art offers exhibitions, events, and cultural programs."
"Where can I attend a local theater performance?","You can attend performances at the National Theatre Mihai Eminescu or at the local comedy theatre in Chisinau."
"Where can I take a day trip from Chisinau?","You can visit Orheiul Vechi, Cricova Winery, or the Dniester River for scenic day trips from the city."
"Can I find vegan restaurants in Chisinau?","Yes, places like Vegan Junk Food Bar and De Bolhoed are great for vegan dining."
"What is the public transport cost in Chisinau?","A single ride on public transport costs around 2-3 MDL, and tickets are usually bought on board or at kiosks."
"Can I visit Chisinau's markets for fresh produce?","Yes, the Central Market and other local markets sell fresh fruits, vegetables, and traditional goods."
"Where can I take a cultural tour of Chisinau?","You can book guided tours from local travel agencies or visit sites like the National Museum of History and the Triumphal Arch."
"What are some hidden gems in Chisinau?","Hidden gems in Chisinau include the Botanical Garden, the Valea Morilor Lake, and the local art galleries around the city."
"Where can I find authentic Moldovan crafts in Chisinau?","You can find authentic Moldovan crafts at the Central Market, craft shops near Stefan Cel Mare Boulevard, and local artisan shops."
"How do I get to the Stefan Cel Mare Park?","Stefan Cel Mare Park is located in the city center and is easily reachable by foot, bus, or taxi from most central areas."
"What are the best cafes for coffee lovers in Chisinau?","Popular cafes for coffee lovers include Expresso, Cafe de Italia, and the Coffee Shop for high-quality coffee and pastries."
"Where can I go for a nice view of the city at sunset?","For a nice view of Chisinau at sunset, head to the Triumphal Arch, Stefan Cel Mare Park, or the top of the Radisson Blu hotel."
"What can I do in Chisinau on a weekend?","On weekends, you can explore the Central Market, visit museums, relax in parks, or enjoy local food at the restaurants and cafes."
"Where can I find luxury shopping in Chisinau?","Luxury shopping can be found at the Sun City Mall and the Atrium Mall, where you’ll find international brands and upscale products."
"What is the public transportation like in Chisinau?","Chisinau has an extensive public transportation network with buses, trolleybuses, and minibuses. Tickets can be bought on board or at kiosks."
"What is the cost of a meal in a restaurant in Chisinau?","A typical meal in a mid-range restaurant costs around 150-300 MDL. Street food is much cheaper, with prices starting from 30-50 MDL."
"How far is the airport from the city center?","Chisinau International Airport is approximately 13 kilometers from the city center, and it takes about 20-30 minutes by taxi or bus."
"Where can I find traditional Moldovan souvenirs?","Moldovan souvenirs can be found in the Central Market, at craft shops near Stefan Cel Mare Boulevard, and at specialized souvenir stores around the city."
"Are there any museums dedicated to Moldovan culture?","Yes, the National Museum of History and the National Museum of Ethnography are dedicated to Moldovan culture and history."
"Where is the best place to enjoy local wine in Chisinau?","The best places to enjoy Moldovan wine are Cricova Winery, Purcari Wine Bar, and local restaurants like La Placinte that offer wine pairings."
"Can I rent a car in Chisinau?","Yes, you can rent a car at the airport or through local rental agencies in the city center. Be sure to have an international driving license."
"What are the top places to visit around Chisinau?","Around Chisinau, you can visit Orheiul Vechi, Cricova Winery, the Dniester River, and the beautiful hiking areas near the forests."
"Is it easy to find a taxi in Chisinau?","Yes, taxis are widely available in Chisinau. You can hail one on the street or use ride-hailing apps like Bolt or Yandex Go."
"How can I spend a day with my kids in Chisinau?","You can take your kids to the NEMO Science Museum, Artis Zoo, or enjoy a day in one of the many parks like Valea Morilor Park."
"Where can I find fresh local produce in Chisinau?","The Central Market (Piața Centrală) is the best place to find fresh fruits, vegetables, cheeses, and traditional Moldovan products."
"How can I explore the history of Chisinau?","You can explore Chisinau's history at the National Museum of History, Stefan Cel Mare Monument, and the Triumphal Arch."
"Can I walk safely in Chisinau at night?","Chisinau is generally safe at night, especially in the city center. However, it's always good to stay aware in less populated areas."
"Where can I take a scenic walk in Chisinau?","Stefan Cel Mare Park, Valea Morilor, and the streets around Stefan Cel Mare Boulevard are great places for scenic walks."
"Is Chisinau a good city for budget travelers?","Yes, Chisinau is very affordable for budget travelers, with low costs for food, transport, and attractions."
"What is the weather like in Chisinau?","Chisinau has a temperate continental climate with warm summers, cold winters, and mild spring and autumn seasons."
"Are there any parks where I can picnic in Chisinau?","Stefan Cel Mare Park, Valea Morilor Park, and Dendrarium Park are great places to enjoy a picnic in Chisinau."
"What are some day trips from Chisinau?","Day trips from Chisinau include visiting Orheiul Vechi, Cricova Winery, the Dniester River, or the picturesque villages around Chisinau."
"Where can I experience Moldovan traditional music?","You can experience Moldovan traditional music at local festivals, the National Opera House, or enjoy it at restaurants like Vatra Neamului."
"How much does a taxi ride cost in Chisinau?","Taxi rides in Chisinau are relatively cheap, with fares starting from around 30 MDL, depending on the distance."
"Can I visit the Dniester River from Chisinau?","Yes, the Dniester River is about an hour's drive from Chisinau, offering opportunities for boating, fishing, and relaxation."
"Are there any wellness centers or spas in Chisinau?","Yes, there are several wellness centers and spas in Chisinau offering massages, relaxation treatments, and fitness facilities."
"Where can I find live music in Chisinau?","Live music can be found at bars and clubs like Soho Bar, Zaxi Club, or at events in local cultural centers."
"Are there any hiking trails near Chisinau?","Yes, the hills and forests around Orheiul Vechi and Dendrarium Park offer excellent hiking opportunities."
"Is there a good public library in Chisinau?","Yes, the National Library of Moldova is open to visitors and offers access to books, journals, and cultural resources."
"Where can I see modern art in Chisinau?","You can visit galleries like the TipografiArt gallery and the National Center for Contemporary Art to explore modern art."
"How safe is Chisinau for solo travelers?","Chisinau is generally safe for solo travelers, but like any other city, it's important to take basic safety precautions."
"Are there any pet-friendly places in Chisinau?","Yes, there are some pet-friendly parks and cafes in Chisinau, such as the Valea Morilor Park and some outdoor cafes around the city."
"Where can I take a day trip from Chisinau to see nature?","You can visit Orheiul Vechi, the Dniester River, or the hiking trails around Dendrarium Park to enjoy nature."
"How do I get from Chisinau to Tiraspol?","You can take a bus, minibus, or taxi to Tiraspol. The journey takes about 2-3 hours."
"Where can I see traditional Moldovan dance performances?","Traditional Moldovan dance can be seen during local festivals or performances at the National Opera House."
"Is there an airport in Chisinau?","Yes, Chisinau International Airport is located just outside the city center and serves both international and domestic flights."
"What is the best time to go wine tasting in Chisinau?","The best time for wine tasting in Chisinau is during the Wine Festival, held every October, or during the autumn months when the harvest season begins."
"Where to go shopping for international brands in Chisinau?","MallDova and Sun City are the top places for international brands, with many stores offering global fashion and goods."
"Are there any interesting historical sites near Chisinau?","Visit the Stefan Cel Mare Monument, Triumphal Arch, or explore ancient cave monasteries like Orheiul Vechi, just outside Chisinau."
